capa,codigo,km_wikiroutes,km_ficha,razon,revisar
1401_84885-ida,1401,66.89,18.38,3.64,si
1401_84885-vuelta,1401,65.61,18.38,3.57,si
1321-ida,1321,88.86,27.66,3.21,si
1321-vuelta,1321,88.88,27.66,3.21,si
1321_56974-ida,1321,88.87,27.66,3.21,si
1321_56974-vuelta,1321,88.88,27.66,3.21,si
1410_84812-ida,1410,60.74,22.92,2.65,si
1410_84812-vuelta,1410,59.4,22.92,2.59,si
1193_69320-ida,1193,42.35,16.59,2.55,si
1193_69320-vuelta,1193,39.76,16.59,2.4,si
1405_89763-ida,1405,52.64,24.63,2.14,si
1409_84921-ida,1409,42.34,19.95,2.12,si
1405_89763-vuelta,1405,51.32,24.63,2.08,si
1409_84921-vuelta,1409,41.0,19.95,2.06,si
1200_69550-vuelta,1200,34.43,17.05,2.02,si
1407_85831-ida,1407,70.19,34.84,2.01,si
1407_85831-vuelta,1407,68.99,34.84,1.98,si
1200_69550-ida,1200,33.23,17.05,1.95,si
1330_63005-ida,1330,31.9,16.61,1.92,si
1330_63005-vuelta,1330,31.55,16.61,1.9,si
1129_69328-ida,1129,61.03,32.67,1.87,si
1129_69328-vuelta,1129,60.89,32.67,1.86,si
1099_69493-ida,1099,37.32,21.11,1.77,si
1234_69058-ida,1234,35.78,20.38,1.76,si
1099_69493-vuelta,1099,36.26,21.11,1.72,si
1234-ida,1234,34.92,20.38,1.71,si
1222_70182-vuelta,1222,47.61,28.31,1.68,si
1224_70177-vuelta,1224,41.96,25.02,1.68,si
1234-vuelta,1234,33.77,20.38,1.66,si
1224_70177-ida,1224,41.4,25.02,1.65,si
1375-ida,1375,12.75,7.78,1.64,si
1375-vuelta,1375,12.74,7.78,1.64,si
1421-vuelta,1421,18.62,11.34,1.64,si
1222_70182-ida,1222,46.35,28.31,1.64,si
1138-ida,1138,36.87,22.77,1.62,si
1138-vuelta,1138,36.9,22.77,1.62,si
1168-vuelta,1168,43.97,27.07,1.62,si
1421-ida,1421,18.39,11.34,1.62,si
1168-ida,1168,43.63,27.07,1.61,si
1315-ida,1315,35.32,22.09,1.6,si
1315-vuelta,1315,35.45,22.09,1.6,si
1234_69058-vuelta,1234,32.58,20.38,1.6,si
1375_69877-ida,1375,12.44,7.78,1.6,si
1375_69877-vuelta,1375,12.48,7.78,1.6,si
1314-ida,1314,37.35,23.95,1.56,si
1297-ida,1297,72.03,46.82,1.54,si
1003-vuelta,1003,34.81,22.71,1.53,si
1297-vuelta,1297,71.74,46.82,1.53,si
1314-vuelta,1314,36.11,23.95,1.51,si
1109_87800-ida,1109,28.72,19.33,1.49,si
1003-ida,1003,33.68,22.71,1.48,si
1039_70267-vuelta,1039,27.65,18.67,1.48,si
1109_87800-vuelta,1109,28.59,19.33,1.48,si
1121_69403-vuelta,1121,28.55,19.5,1.46,si
1121_69403-ida,1121,28.24,19.5,1.45,si
1326_154923-ida,1326,13.94,25.06,0.56,si
1462-ida,1462,41.28,72.49,0.57,si
1462-vuelta,1462,41.37,72.49,0.57,si
1303_84886-ida,1303,32.53,57.24,0.57,si
1417-vuelta,1417,29.07,20.34,1.43,si
1417_71626-ida,1417,29.07,20.34,1.43,si
1303_84886-vuelta,1303,32.97,57.24,0.58,si
1381-vuelta,1381,22.76,16.0,1.42,si
1417-ida,1417,28.94,20.34,1.42,si
1342_69635-ida,1342,22.59,15.96,1.42,si
1417_71626-vuelta,1417,28.97,20.34,1.42,si
1381-ida,1381,22.36,16.0,1.4,si
1039_70267-ida,1039,26.22,18.67,1.4,si
1220_71111-vuelta,1220,26.52,19.12,1.39,si
1326_154923-vuelta,1326,15.58,25.06,0.62,si
1342_69635-vuelta,1342,22.06,15.96,1.38,si
1025_68804-ida,1025,20.46,15.04,1.36,si
1326_54549-ida,1326,34.34,25.2,1.36,si
1221_85176-vuelta,1221,29.36,21.94,1.34,si
1305_84815-ida,1305,40.95,30.51,1.34,si
1326_54549-vuelta,1326,33.83,25.2,1.34,si
1283-ida,1283,41.2,31.28,1.32,si
1343-vuelta,1343,50.62,38.39,1.32,si
1367-ida,1367,9.37,13.8,0.68,si
1386-vuelta,1386,3.87,5.67,0.68,si
1023-ida,1023,47.46,36.16,1.31,si
1023-vuelta,1023,47.19,36.16,1.31,si
1283-vuelta,1283,41.0,31.28,1.31,si
1023_152324-ida,1023,47.45,36.16,1.31,si
1221_85176-ida,1221,28.65,21.94,1.31,si
1332-ida,1332,27.6,21.21,1.3,si
1023_152324-vuelta,1023,47.19,36.16,1.3,si
1220_71111-ida,1220,24.87,19.12,1.3,si
1367-vuelta,1367,9.85,13.8,0.71,
1025_68804-vuelta,1025,19.47,15.04,1.29,
1305_84815-vuelta,1305,39.31,30.51,1.29,
1049-vuelta,1049,29.58,23.19,1.28,
1332-vuelta,1332,27.24,21.21,1.28,
1343-ida,1343,49.12,38.39,1.28,
1343_69960-ida,1343,49.12,38.39,1.28,
1343_69960-vuelta,1343,49.01,38.39,1.28,
1408_84884-ida,1408,38.23,29.77,1.28,
1408_84884-vuelta,1408,38.24,29.77,1.28,
1049-ida,1049,29.17,23.19,1.26,
1418-ida,1418,8.87,11.91,0.74,
1418-vuelta,1418,8.89,11.91,0.75,
1302_84918-ida,1302,44.85,35.84,1.25,
1323_62845-ida,1323,9.71,7.86,1.24,
1301_84914-vuelta,1301,29.77,38.46,0.77,
1302_84918-vuelta,1302,44.0,35.84,1.23,
1301_84914-ida,1301,29.9,38.46,0.78,
1323_62845-vuelta,1323,9.57,7.86,1.22,
1020_69509-ida,1020,38.6,31.79,1.21,
1357_70168-ida,1357,31.13,25.75,1.21,
1468_68808-ida,1468,72.14,59.78,1.21,
1468_68808-vuelta,1468,72.33,59.78,1.21,
1047-ida,1047,34.29,28.5,1.2,
1175-vuelta,1175,60.62,50.68,1.2,
1020_69509-vuelta,1020,38.19,31.79,1.2,
1093_71364-ida,1093,15.87,13.27,1.2,
1093_71364-vuelta,1093,15.98,13.27,1.2,
1058-ida,1058,63.56,53.45,1.19,
1122-ida,1122,29.41,24.69,1.19,
1175-ida,1175,60.36,50.68,1.19,
1122_71479-ida,1122,29.27,24.69,1.19,
1256_70181-ida,1256,34.93,29.4,1.19,
1044-vuelta,1044,16.04,19.62,0.82,
1461-vuelta,1461,16.12,19.54,0.82,
1047-vuelta,1047,33.5,28.5,1.18,
1058-vuelta,1058,62.99,53.45,1.18,
1107-vuelta,1107,37.63,31.94,1.18,
1122-vuelta,1122,29.19,24.69,1.18,
1491-vuelta,1491,41.76,35.44,1.18,
1012_69847-ida,1012,38.11,32.37,1.18,
1012_69847-vuelta,1012,38.04,32.37,1.18,
1122_71479-vuelta,1122,29.02,24.69,1.18,
1357_70168-vuelta,1357,30.31,25.75,1.18,
1044-ida,1044,16.22,19.62,0.83,
1373-vuelta,1373,15.97,19.19,0.83,
1187-ida,1187,31.7,27.19,1.17,
1091_71365-vuelta,1091,24.68,21.18,1.17,
1256_70181-vuelta,1256,34.48,29.4,1.17,
1338_153420-vuelta,1338,48.3,41.32,1.17,
1461-ida,1461,16.36,19.54,0.84,
1025-ida,1025,17.38,15.04,1.16,
1486-ida,1486,18.13,15.59,1.16,
1491-ida,1491,41.15,35.44,1.16,
1014_55584-ida,1014,31.31,27.02,1.16,
1237_50830-vuelta,1237,65.5,56.61,1.16,
1347_71368-vuelta,1347,23.99,20.71,1.16,
1373-ida,1373,16.23,19.19,0.85,
1422-vuelta,1422,28.55,33.57,0.85,
1005-ida,1005,36.41,31.56,1.15,
1025-vuelta,1025,17.28,15.04,1.15,
1401-ida,1401,21.23,18.38,1.15,
1004_63006-ida,1004,22.97,20.02,1.15,
1237_50830-ida,1237,65.0,56.61,1.15,
1146-ida,1146,14.51,16.79,0.86,
1005-vuelta,1005,35.91,31.56,1.14,
1187-vuelta,1187,30.93,27.19,1.14,
1344-ida,1344,48.22,42.2,1.14,
1344-vuelta,1344,48.12,42.2,1.14,
1486-vuelta,1486,17.77,15.59,1.14,
1078_69696-vuelta,1078,20.22,17.79,1.14,
1338_153420-ida,1338,46.92,41.32,1.14,
1339_70826-vuelta,1339,24.91,21.93,1.14,
1344_69961-ida,1344,48.01,42.2,1.14,
1347_71368-ida,1347,23.54,20.71,1.14,
1392-ida,1392,14.95,17.1,0.87,
1422-ida,1422,29.18,33.57,0.87,
1062-ida,1062,51.74,45.98,1.13,
1107-ida,1107,36.02,31.94,1.13,
1299-ida,1299,42.06,37.2,1.13,
1299-vuelta,1299,42.01,37.2,1.13,
1465-ida,1465,48.76,43.25,1.13,
1465-vuelta,1465,48.88,43.25,1.13,
1004_63006-vuelta,1004,22.64,20.02,1.13,
1014_55584-vuelta,1014,30.47,27.02,1.13,
1040_69857-vuelta,1040,20.9,18.49,1.13,
1344_69961-vuelta,1344,47.74,42.2,1.13,
1062-vuelta,1062,51.41,45.98,1.12,
1182-ida,1182,57.49,51.53,1.12,
1409-ida,1409,22.34,19.95,1.12,
1019_55065-ida,1019,40.9,36.65,1.12,
1036_70970-ida,1036,9.77,8.75,1.12,
1047_71042-ida,1047,31.92,28.5,1.12,
1063_71037-vuelta,1063,42.31,37.9,1.12,
1111_89128-ida,1111,31.67,28.39,1.12,
1128_96719-ida,1128,31.61,28.29,1.12,
1258_69542-ida,1258,37.19,33.33,1.12,
1320_53367-ida,1320,24.2,21.64,1.12,
1320_53367-vuelta,1320,24.33,21.64,1.12,
1146-vuelta,1146,14.81,16.79,0.88,
1258-vuelta,1258,37.01,33.33,1.11,
1368-vuelta,1368,21.86,19.69,1.11,
1040_69857-ida,1040,20.51,18.49,1.11,
1047_71042-vuelta,1047,31.69,28.5,1.11,
1062_71039-vuelta,1062,50.96,45.98,1.11,
1078_69696-ida,1078,19.71,17.79,1.11,
1091_71365-ida,1091,23.6,21.18,1.11,
1128_96719-vuelta,1128,31.41,28.29,1.11,
1258_69542-vuelta,1258,37.01,33.33,1.11,
1339_70826-ida,1339,24.29,21.93,1.11,
1392-vuelta,1392,15.27,17.1,0.89,
1478-ida,1478,27.16,30.59,0.89,
1487-vuelta,1487,10.07,11.27,0.89,
1258-ida,1258,36.77,33.33,1.1,
1326-vuelta,1326,27.73,25.2,1.1,
1395-vuelta,1395,38.42,34.87,1.1,
1409-vuelta,1409,21.87,19.95,1.1,
1017_70830-ida,1017,51.56,46.88,1.1,
1062_71039-ida,1062,50.69,45.98,1.1,
1063_71037-ida,1063,41.76,37.9,1.1,
1336_69421-ida,1336,34.88,31.58,1.1,
1144-ida,1144,11.91,13.25,0.9,
1041-ida,1041,46.74,42.83,1.09,
1041-vuelta,1041,46.67,42.83,1.09,
1096-vuelta,1096,47.9,44.01,1.09,
1191-ida,1191,36.85,33.86,1.09,
1272-ida,1272,38.1,34.83,1.09,
1272-vuelta,1272,38.08,34.83,1.09,
1326-ida,1326,27.37,25.2,1.09,
1341-ida,1341,44.87,41.33,1.09,
1345-ida,1345,47.17,43.44,1.09,
1395-ida,1395,37.99,34.87,1.09,
1341_69731-ida,1341,44.91,41.33,1.09,
1345_69275-ida,1345,47.53,43.44,1.09,
1156-ida,1156,11.9,13.04,0.91,
1365-ida,1365,4.61,5.09,0.91,
1365-vuelta,1365,4.62,5.09,0.91,
1382-ida,1382,18.67,20.46,0.91,
1382-vuelta,1382,18.64,20.46,0.91,
1096-ida,1096,47.45,44.01,1.08,
1097-vuelta,1097,54.6,50.7,1.08,
1111-ida,1111,30.72,28.39,1.08,
1111-vuelta,1111,30.53,28.39,1.08,
1151-vuelta,1151,35.47,32.72,1.08,
1157-vuelta,1157,32.42,29.93,1.08,
1255-ida,1255,33.33,30.96,1.08,
1342-vuelta,1342,17.31,15.96,1.08,
1368-ida,1368,21.28,19.69,1.08,
1383-vuelta,1383,20.94,19.42,1.08,
1405-ida,1405,26.67,24.63,1.08,
1011_69746-ida,1011,31.33,29.01,1.08,
1016_69273-ida,1016,48.92,45.27,1.08,
1017_70830-vuelta,1017,50.73,46.88,1.08,
1019_55065-vuelta,1019,39.69,36.65,1.08,
1085_69634-vuelta,1085,50.91,47.22,1.08,
1092_69436-vuelta,1092,21.47,19.8,1.08,
1111_89128-vuelta,1111,30.66,28.39,1.08,
1255_71394-ida,1255,33.33,30.96,1.08,
1336_69421-vuelta,1336,34.09,31.58,1.08,
1348_71120-ida,1348,21.76,20.11,1.08,
1135-ida,1135,16.13,17.57,0.92,
1153-ida,1153,26.74,29.02,0.92,
1153-vuelta,1153,26.68,29.02,0.92,
1478-vuelta,1478,28.21,30.59,0.92,
1175_98767-ida,1175,45.64,49.52,0.92,
1175_98767-vuelta,1175,45.53,49.52,0.92,
1358_69322-vuelta,1358,35.06,38.04,0.92,
1085-ida,1085,50.72,47.22,1.07,
1090-vuelta,1090,17.0,15.91,1.07,
1145-ida,1145,34.32,32.13,1.07,
1244-ida,1244,58.48,54.66,1.07,
1255-vuelta,1255,33.02,30.96,1.07,
1341-vuelta,1341,44.39,41.33,1.07,
1345-vuelta,1345,46.28,43.44,1.07,
1394-ida,1394,28.97,27.06,1.07,
1394-vuelta,1394,29.0,27.06,1.07,
1405-vuelta,1405,26.34,24.63,1.07,
1408-vuelta,1408,31.72,29.77,1.07,
1016_69273-vuelta,1016,48.62,45.27,1.07,
1085_69634-ida,1085,50.39,47.22,1.07,
1090_68992-vuelta,1090,17.0,15.91,1.07,
1094_69274-vuelta,1094,16.41,15.29,1.07,
1192_69426-ida,1192,41.09,38.43,1.07,
1255_71394-vuelta,1255,33.02,30.96,1.07,
1341_69731-vuelta,1341,44.39,41.33,1.07,
1345_69275-vuelta,1345,46.66,43.44,1.07,
1395_68913-vuelta,1395,37.27,34.87,1.07,
1057-vuelta,1057,38.9,41.88,0.93,
1286-vuelta,1286,47.28,50.94,0.93,
1380-vuelta,1380,11.67,12.5,0.93,
1414-vuelta,1414,24.47,26.24,0.93,
1484-vuelta,1484,31.36,33.78,0.93,
1358_69322-ida,1358,35.32,38.04,0.93,
1009-ida,1009,32.29,30.35,1.06,
1053-vuelta,1053,32.65,30.89,1.06,
1085-vuelta,1085,50.28,47.22,1.06,
1110-ida,1110,33.21,31.36,1.06,
1117-ida,1117,21.91,23.28,0.94,
1191-vuelta,1191,35.88,33.86,1.06,
1242-ida,1242,75.75,71.7306,1.06,
1242-vuelta,1242,75.79,71.7306,1.06,
1273-ida,1273,29.59,28.04,1.06,
1318-ida,1318,28.46,30.14,0.94,
1334-ida,1334,5.54,5.92,0.94,
1383-ida,1383,20.49,19.42,1.06,
1391-vuelta,1391,18.45,17.42,1.06,
1473-vuelta,1473,32.73,30.75,1.06,
1484-ida,1484,31.63,33.78,0.94,
1053_71040-vuelta,1053,32.62,30.89,1.06,
1092_69436-ida,1092,20.89,19.8,1.06,
1110_90479-ida,1110,33.21,31.36,1.06,
1113_69742-ida,1113,20.52,19.43,1.06,
1117_71481-ida,1117,21.91,23.28,0.94,
1210_71077-ida,1210,45.77,48.79,0.94,
1241_75534-vuelta,1241,78.75,74.47,1.06,
1242_85238-ida,1242,75.75,71.7306,1.06,
1242_85238-vuelta,1242,75.79,71.7306,1.06,
1244_52206-ida,1244,57.72,54.66,1.06,
1395_68913-ida,1395,36.99,34.87,1.06,
1024-ida,1024,43.52,45.67,0.95,
1036-vuelta,1036,7.0,7.35,0.95,
1057-ida,1057,39.59,41.88,0.95,
1078-vuelta,1078,18.62,17.79,1.05,
1097-ida,1097,53.26,50.7,1.05,
1110-vuelta,1110,32.9,31.36,1.05,
1117-vuelta,1117,22.05,23.28,0.95,
1133-ida,1133,14.51,15.29,0.95,
1157-ida,1157,31.45,29.93,1.05,
1194-ida,1194,35.89,34.06,1.05,
1236-ida,1236,64.35,61.43,1.05,
1243-vuelta,1243,58.86,55.86,1.05,
1244-vuelta,1244,57.6,54.66,1.05,
1247-vuelta,1247,59.71,57.01,1.05,
1318-vuelta,1318,28.76,30.14,0.95,
1334-vuelta,1334,5.6,5.92,0.95,
1342-ida,1342,16.78,15.96,1.05,
1351-vuelta,1351,23.32,24.52,0.95,
1384-ida,1384,17.77,16.99,1.05,
1384-vuelta,1384,17.84,16.99,1.05,
1389-ida,1389,19.18,18.32,1.05,
1389-vuelta,1389,19.18,18.32,1.05,
1396-ida,1396,44.41,46.62,0.95,
1397-ida,1397,43.9,46.38,0.95,
1414-ida,1414,24.99,26.24,0.95,
1416-ida,1416,36.38,34.6,1.05,
1416-vuelta,1416,36.36,34.6,1.05,
1479-ida,1479,55.48,52.69,1.05,
1479-vuelta,1479,55.06,52.69,1.05,
1011_69746-vuelta,1011,30.34,29.01,1.05,
1024_69420-ida,1024,43.52,45.67,0.95,
1032_69417-vuelta,1032,24.02,22.94,1.05,
1057_69858-ida,1057,44.05,41.96,1.05,
1110_90479-vuelta,1110,32.9,31.36,1.05,
1117_71481-vuelta,1117,22.01,23.28,0.95,
1187_70649-vuelta,1187,28.52,27.19,1.05,
1194_69456-ida,1194,35.9,34.06,1.05,
1210_71077-vuelta,1210,46.55,48.79,0.95,
1223_69146-ida,1223,36.81,34.92,1.05,
1225_69433-vuelta,1225,36.86,34.96,1.05,
1232_69495-vuelta,1232,41.85,39.73,1.05,
1236_41953-ida,1236,64.35,61.43,1.05,
1241_75534-ida,1241,78.3,74.47,1.05,
1243_155120-vuelta,1243,58.86,55.86,1.05,
1244_52206-vuelta,1244,57.49,54.66,1.05,
1337_70833-ida,1337,37.11,35.24,1.05,
1351_71369-vuelta,1351,23.32,24.52,0.95,
1461_53418-vuelta,1461,18.56,19.54,0.95,
1006-ida,1006,42.61,41.12,1.04,
1006-vuelta,1006,42.93,41.12,1.04,
1022-ida,1022,42.1,40.32,1.04,
1024-vuelta,1024,43.81,45.67,0.96,
1032-vuelta,1032,23.96,22.94,1.04,
1055-ida,1055,35.87,34.65,1.04,
1068-ida,1068,36.58,35.1,1.04,
1090-ida,1090,16.61,15.91,1.04,
1098-ida,1098,65.74,63.25,1.04,
1098-vuelta,1098,65.9,63.25,1.04,
1135-vuelta,1135,16.84,17.57,0.96,
1136-vuelta,1136,14.53,15.09,0.96,
1149-vuelta,1149,15.59,15.03,1.04,
1159-ida,1159,23.61,22.77,1.04,
1159-vuelta,1159,23.7,22.77,1.04,
1167-ida,1167,26.95,28.17,0.96,
1194-vuelta,1194,35.56,34.06,1.04,
1218-ida,1218,55.58,53.38,1.04,
1218-vuelta,1218,55.61,53.38,1.04,
1222-vuelta,1222,29.48,28.31,1.04,
1224-ida,1224,23.56,24.67,0.96,
1243-ida,1243,58.35,55.86,1.04,
1245-ida,1245,28.47,29.69,0.96,
1247-ida,1247,59.5,57.01,1.04,
1286-ida,1286,48.77,50.94,0.96,
1288-ida,1288,33.57,32.28,1.04,
1288-vuelta,1288,33.7,32.28,1.04,
1302-vuelta,1302,37.17,35.84,1.04,
1316-vuelta,1316,66.56,64.07,1.04,
1325-vuelta,1325,8.72,8.42,1.04,
1352-ida,1352,15.66,16.32,0.96,
1356-vuelta,1356,32.56,33.77,0.96,
1358-ida,1358,36.37,38.04,0.96,
1358-vuelta,1358,36.4,38.04,0.96,
1360-ida,1360,46.7,45.12,1.04,
1364-ida,1364,17.45,18.25,0.96,
1372-ida,1372,17.19,16.48,1.04,
1372-vuelta,1372,17.13,16.48,1.04,
1374-ida,1374,23.33,24.39,0.96,
1393-ida,1393,12.65,13.21,0.96,
1393-vuelta,1393,12.7,13.21,0.96,
1396-vuelta,1396,44.67,46.62,0.96,
1407-ida,1407,32.94,34.19,0.96,
1446-ida,1446,35.92,37.29,0.96,
1473-ida,1473,32.13,30.75,1.04,
1022_151772-ida,1022,41.73,40.32,1.04,
1024_69420-vuelta,1024,43.81,45.67,0.96,
1044_69395-vuelta,1044,20.64,19.78,1.04,
1057_69858-vuelta,1057,43.75,41.96,1.04,
1089_71366-ida,1089,23.32,22.5,1.04,
1090_68992-ida,1090,16.61,15.91,1.04,
1098_99473-ida,1098,65.74,63.25,1.04,
1098_99473-vuelta,1098,65.9,63.25,1.04,
1192_69426-vuelta,1192,39.78,38.43,1.04,
1194_69456-vuelta,1194,35.55,34.06,1.04,
1195_69145-vuelta,1195,34.74,36.07,0.96,
1218_69695-ida,1218,55.44,53.38,1.04,
1218_69695-vuelta,1218,55.28,53.38,1.04,
1232_69495-ida,1232,41.19,39.73,1.04,
1243_155120-ida,1243,58.35,55.86,1.04,
1245_53722-ida,1245,28.47,29.69,0.96,
1263_68802-ida,1263,33.59,32.23,1.04,
1263_68802-vuelta,1263,33.63,32.23,1.04,
1325_62871-vuelta,1325,8.72,8.42,1.04,
1337_70833-vuelta,1337,36.66,35.24,1.04,
1356_69729-vuelta,1356,35.04,33.77,1.04,
1374_94873-ida,1374,23.49,24.39,0.96,
1480_68042-vuelta,1480,55.44,53.33,1.04,
1009-vuelta,1009,31.25,30.35,1.03,
1014-ida,1014,27.87,27.02,1.03,
1022-vuelta,1022,41.43,40.32,1.03,
1028-vuelta,1028,11.23,11.54,0.97,
1034-ida,1034,10.98,10.68,1.03,
1034-vuelta,1034,8.54,8.79,0.97,
1036-ida,1036,9.0,8.75,1.03,
1042-vuelta,1042,27.66,26.98,1.03,
1053-ida,1053,31.95,30.89,1.03,
1075-ida,1075,26.65,27.53,0.97,
1086-ida,1086,16.65,17.12,0.97,
1099-vuelta,1099,18.93,19.52,0.97,
1116-vuelta,1116,28.93,28.22,1.03,
1133-vuelta,1133,14.81,15.29,0.97,
1137-vuelta,1137,33.9,32.8,1.03,
1143-ida,1143,27.19,26.28,1.03,
1147-ida,1147,14.51,14.97,0.97,
1150-ida,1150,14.88,14.45,1.03,
1150-vuelta,1150,14.91,14.45,1.03,
1161-vuelta,1161,25.85,26.72,0.97,
1183-vuelta,1183,47.55,46.32,1.03,
1192-ida,1192,39.57,38.43,1.03,
1192-vuelta,1192,39.48,38.43,1.03,
1197-ida,1197,37.01,35.84,1.03,
1210-ida,1210,47.51,48.79,0.97,
1222-ida,1222,29.02,28.31,1.03,
1224-vuelta,1224,23.93,24.67,0.97,
1248-vuelta,1248,54.65,53.29,1.03,
1252-vuelta,1252,38.35,37.39,1.03,
1256-vuelta,1256,30.16,29.4,1.03,
1259-ida,1259,58.06,56.59,1.03,
1291-ida,1291,57.84,56.16,1.03,
1292-ida,1292,54.22,52.45,1.03,
1293-ida,1293,69.34,67.21,1.03,
1316-ida,1316,66.3,64.07,1.03,
1319-ida,1319,56.65,55.09,1.03,
1319-vuelta,1319,56.73,55.09,1.03,
1331-ida,1331,7.18,7.43,0.97,
1331-vuelta,1331,7.18,7.43,0.97,
1351-ida,1351,23.74,24.52,0.97,
1353-ida,1353,21.56,22.31,0.97,
1354-ida,1354,27.09,27.97,0.97,
1360-vuelta,1360,46.64,45.12,1.03,
1370-ida,1370,26.78,27.73,0.97,
1379-ida,1379,14.61,14.25,1.03,
1380-ida,1380,12.14,12.5,0.97,
1386-ida,1386,5.47,5.67,0.97,
1388-vuelta,1388,16.49,16.02,1.03,
1391-ida,1391,17.95,17.42,1.03,
1397-vuelta,1397,44.86,46.38,0.97,
1398-vuelta,1398,37.23,38.2,0.97,
1401-vuelta,1401,16.7,17.21,0.97,
1407-vuelta,1407,33.05,34.19,0.97,
1408-ida,1408,30.54,29.77,1.03,
1410-ida,1410,23.69,22.92,1.03,
1415-vuelta,1415,22.73,23.42,0.97,
1424-ida,1424,26.27,25.42,1.03,
1445-vuelta,1445,31.36,30.44,1.03,
1464-vuelta,1464,41.04,40.02,1.03,
1480-ida,1480,55.02,53.33,1.03,
1480-vuelta,1480,54.92,53.33,1.03,
1483-ida,1483,18.62,18.11,1.03,
1483-vuelta,1483,17.59,18.11,0.97,
1485-vuelta,1485,29.89,30.74,0.97,
1006_63212-vuelta,1006,42.31,41.12,1.03,
1022_151772-vuelta,1022,41.49,40.32,1.03,
1027_69507-vuelta,1027,27.9,28.78,0.97,
1028_70485-vuelta,1028,11.23,11.54,0.97,
1034_70903-vuelta,1034,8.54,8.79,0.97,
1035_70969-vuelta,1035,8.53,8.84,0.97,
1042_86125-vuelta,1042,27.66,26.98,1.03,
1053_71040-ida,1053,31.95,30.89,1.03,
1075_70178-ida,1075,26.66,27.53,0.97,
1077_70488-ida,1077,28.6,27.89,1.03,
1081_71277-ida,1081,30.52,29.76,1.03,
1081_71277-vuelta,1081,30.72,29.76,1.03,
1116_69539-vuelta,1116,28.94,28.22,1.03,
1130_70180-ida,1130,12.02,12.41,0.97,
1130_70180-vuelta,1130,12.03,12.41,0.97,
1183_54432-vuelta,1183,47.55,46.32,1.03,
1185_41969-ida,1185,52.89,51.28,1.03,
1197_69393-ida,1197,37.02,35.84,1.03,
1225_69433-ida,1225,35.98,34.96,1.03,
1248_69004-vuelta,1248,54.65,53.29,1.03,
1252_69561-vuelta,1252,38.35,37.39,1.03,
1259_69459-ida,1259,58.06,56.59,1.03,
1329_62792-ida,1329,20.34,19.84,1.03,
1329_62792-vuelta,1329,20.53,19.84,1.03,
1353_69750-ida,1353,21.71,22.31,0.97,
1353_69750-vuelta,1353,21.58,22.31,0.97,
1354_70489-vuelta,1354,27.09,27.97,0.97,
1461_53418-ida,1461,18.88,19.54,0.97,
1483_69057-vuelta,1483,17.59,18.11,0.97,
1011-ida,1011,29.64,29.01,1.02,
1027-vuelta,1027,28.14,28.78,0.98,
1028-ida,1028,11.79,11.54,1.02,
1031-vuelta,1031,22.11,21.76,1.02,
1032-ida,1032,23.48,22.94,1.02,
1037-vuelta,1037,23.81,23.45,1.02,
1042-ida,1042,27.51,26.98,1.02,
1045-ida,1045,23.85,23.42,1.02,
1045-vuelta,1045,24.5,24.95,0.98,
1048-ida,1048,21.62,22.01,0.98,
1055-vuelta,1055,35.38,34.65,1.02,
1056-ida,1056,46.14,45.14,1.02,
1056-vuelta,1056,45.83,45.14,1.02,
1061-vuelta,1061,46.17,45.26,1.02,
1069-ida,1069,48.62,47.7,1.02,
1071-vuelta,1071,35.06,34.36,1.02,
1081-vuelta,1081,28.65,28.13,1.02,
1087-vuelta,1087,22.57,22.92,0.98,
1088-vuelta,1088,32.69,32.15,1.02,
1091-vuelta,1091,20.68,21.18,0.98,
1094-vuelta,1094,15.56,15.29,1.02,
1113-ida,1113,19.73,19.43,1.02,
1114-vuelta,1114,20.76,20.41,1.02,
1116-ida,1116,28.88,28.22,1.02,
1120-ida,1120,56.34,55.37,1.02,
1127-ida,1127,36.13,35.43,1.02,
1127-vuelta,1127,35.98,35.43,1.02,
1132-ida,1132,9.75,9.96,0.98,
1136-ida,1136,14.86,15.09,0.98,
1143-vuelta,1143,26.93,26.28,1.02,
1145-vuelta,1145,32.7,32.13,1.02,
1151-ida,1151,32.19,32.72,0.98,
1161-ida,1161,27.47,28.09,0.98,
1162-ida,1162,36.06,35.25,1.02,
1164-ida,1164,28.83,28.25,1.02,
1164-vuelta,1164,28.71,28.25,1.02,
1171-ida,1171,35.95,35.2,1.02,
1172-vuelta,1172,22.2,21.74,1.02,
1174-vuelta,1174,11.12,10.86,1.02,
1176-vuelta,1176,34.9,34.15,1.02,
1183-ida,1183,47.18,46.32,1.02,
1197-vuelta,1197,36.62,35.84,1.02,
1200-ida,1200,16.76,17.05,0.98,
1203-ida,1203,42.36,41.58,1.02,
1214-vuelta,1214,42.31,43.02,0.98,
1221-ida,1221,22.4,21.94,1.02,
1221-vuelta,1221,22.36,21.94,1.02,
1226-vuelta,1226,37.94,38.56,0.98,
1228-vuelta,1228,42.53,41.83,1.02,
1229-ida,1229,17.63,17.23,1.02,
1230-ida,1230,56.96,57.95,0.98,
1230-vuelta,1230,56.93,57.95,0.98,
1231-vuelta,1231,57.89,56.82,1.02,
1236-vuelta,1236,62.49,61.43,1.02,
1239-vuelta,1239,63.99,65.29,0.98,
1248-ida,1248,54.36,53.29,1.02,
1250-ida,1250,26.29,26.85,0.98,
1259-vuelta,1259,57.84,56.59,1.02,
1265-ida,1265,32.44,31.72,1.02,
1269-vuelta,1269,37.89,37.33,1.02,
1276-vuelta,1276,31.39,30.73,1.02,
1278-ida,1278,32.64,33.2,0.98,
1289-vuelta,1289,15.66,15.96,0.98,
1302-ida,1302,36.52,35.84,1.02,
1303-vuelta,1303,58.25,57.36,1.02,
1304-ida,1304,43.0,43.83,0.98,
1304-vuelta,1304,43.0,43.83,0.98,
1325-ida,1325,8.62,8.42,1.02,
1328-ida,1328,17.04,16.75,1.02,
1333-vuelta,1333,11.98,11.72,1.02,
1337-ida,1337,36.1,35.24,1.02,
1338-ida,1338,42.12,41.32,1.02,
1346-vuelta,1346,28.17,27.7,1.02,
1352-vuelta,1352,15.92,16.32,0.98,
1355-ida,1355,19.19,18.74,1.02,
1356-ida,1356,33.07,33.77,0.98,
1362-ida,1362,18.36,18.69,0.98,
1366-ida,1366,10.24,10.07,1.02,
1366-vuelta,1366,10.26,10.07,1.02,
1370-vuelta,1370,27.18,27.73,0.98,
1371-ida,1371,17.45,17.16,1.02,
1371-vuelta,1371,17.56,17.16,1.02,
1377-ida,1377,8.93,9.12,0.98,
1378-ida,1378,14.61,14.37,1.02,
1379-vuelta,1379,14.53,14.25,1.02,
1387-ida,1387,14.62,14.9,0.98,
1390-ida,1390,15.52,15.81,0.98,
1390-vuelta,1390,15.53,15.81,0.98,
1398-ida,1398,37.26,38.2,0.98,
1399-ida,1399,16.69,16.42,1.02,
1400-ida,1400,16.7,16.96,0.98,
1406-ida,1406,34.2,33.42,1.02,
1410-vuelta,1410,23.42,22.92,1.02,
1419-vuelta,1419,12.88,13.2,0.98,
1426-ida,1426,32.8,32.19,1.02,
1463-ida,1463,22.46,22.94,0.98,
1475-vuelta,1475,28.13,27.52,1.02,
1477-ida,1477,31.48,31.99,0.98,
1487-ida,1487,11.07,11.27,0.98,
1005_63118-vuelta,1005,30.5,31.18,0.98,
1028_70485-ida,1028,11.79,11.54,1.02,
1032_69417-ida,1032,23.43,22.94,1.02,
1036_70970-vuelta,1036,7.22,7.35,0.98,
1037_70968-vuelta,1037,23.81,23.45,1.02,
1042_86125-ida,1042,27.51,26.98,1.02,
1045_54452-ida,1045,23.84,23.42,1.02,
1045_54452-vuelta,1045,24.5,24.95,0.98,
1048_71043-ida,1048,21.62,22.01,0.98,
1052_68805-vuelta,1052,35.11,34.39,1.02,
1056_86188-ida,1056,46.63,47.53,0.98,
1056_86188-vuelta,1056,45.83,45.14,1.02,
1061_71074-ida,1061,44.06,45.03,0.98,
1064_70170-ida,1064,38.79,39.63,0.98,
1068_69491-vuelta,1068,34.47,35.1,0.98,
1069_69643-ida,1069,48.45,47.7,1.02,
1074_71109-ida,1074,22.88,22.42,1.02,
1074_71109-vuelta,1074,22.98,22.42,1.02,
1086_71244-ida,1086,16.79,17.12,0.98,
1087_45222-vuelta,1087,22.57,22.92,0.98,
1088_71367-vuelta,1088,32.84,32.15,1.02,
1089_71366-vuelta,1089,22.84,22.5,1.02,
1094_69274-ida,1094,14.9,15.23,0.98,
1114_70042-vuelta,1114,20.76,20.41,1.02,
1116_69539-ida,1116,28.91,28.22,1.02,
1119_71480-vuelta,1119,18.55,18.13,1.02,
1127_69962-ida,1127,36.14,35.43,1.02,
1127_69962-vuelta,1127,35.98,35.43,1.02,
1132_151463-ida,1132,9.75,9.96,0.98,
1176_63213-vuelta,1176,34.77,34.15,1.02,
1178_94758-ida,1178,47.47,46.65,1.02,
1183_54432-ida,1183,47.18,46.32,1.02,
1191_69418-ida,1191,34.7,33.86,1.02,
1195_69145-ida,1195,35.43,36.07,0.98,
1197_69393-vuelta,1197,36.62,35.84,1.02,
1203_74197-ida,1203,42.36,41.58,1.02,
1207_70964-ida,1207,32.68,33.32,0.98,
1207_70964-vuelta,1207,32.7,33.32,0.98,
1223_69146-vuelta,1223,34.1,34.92,0.98,
1227_71198-ida,1227,47.3,46.17,1.02,
1227_71198-vuelta,1227,47.24,46.17,1.02,
1228_153599-vuelta,1228,42.52,41.83,1.02,
1230_45148-ida,1230,56.72,57.95,0.98,
1230_45148-vuelta,1230,56.75,57.95,0.98,
1231_68846-vuelta,1231,57.89,56.82,1.02,
1233_69494-ida,1233,35.2,34.4,1.02,
1236_41953-vuelta,1236,62.49,61.43,1.02,
1248_69004-ida,1248,54.36,53.29,1.02,
1250_71395-ida,1250,27.46,28.05,0.98,
1259_69459-vuelta,1259,57.84,56.59,1.02,
1304_84959-ida,1304,43.09,43.83,0.98,
1322_77853-ida,1322,41.56,40.65,1.02,
1322_77853-vuelta,1322,41.5,40.65,1.02,
1325_62871-ida,1325,8.61,8.42,1.02,
1335_57854-ida,1335,35.43,34.62,1.02,
1346_71075-ida,1346,27.05,26.62,1.02,
1346_71075-vuelta,1346,28.35,27.7,1.02,
1348_71120-vuelta,1348,20.45,20.11,1.02,
1351_71369-ida,1351,23.96,24.52,0.98,
1356_69729-ida,1356,34.44,33.77,1.02,
1359_71068-vuelta,1359,14.78,14.47,1.02,
1462_54364-vuelta,1462,71.11,72.49,0.98,
1475_69547-vuelta,1475,28.12,27.52,1.02,
1480_68042-ida,1480,54.39,53.33,1.02,
1483_69057-ida,1483,18.45,18.11,1.02,
1001-ida,1001,11.08,10.93,1.01,
1001-vuelta,1001,10.83,10.93,0.99,
1004-ida,1004,20.27,20.02,1.01,
1007-vuelta,1007,37.41,37.75,0.99,
1010-vuelta,1010,25.75,25.5,1.01,
1011-vuelta,1011,28.72,28.56,1.01,
1014-vuelta,1014,27.31,27.02,1.01,
1015-ida,1015,37.08,37.44,0.99,
1017-vuelta,1017,46.6,46.88,0.99,
1018-ida,1018,40.92,40.41,1.01,
1018-vuelta,1018,40.74,40.41,1.01,
1021-ida,1021,39.09,39.38,0.99,
1021-vuelta,1021,38.44,38.67,0.99,
1026-ida,1026,17.14,17.26,0.99,
1029-ida,1029,24.52,24.84,0.99,
1031-ida,1031,21.94,21.76,1.01,
1039-ida,1039,17.09,17.0,1.01,
1040-vuelta,1040,18.29,18.49,0.99,
1043-ida,1043,48.81,48.53,1.01,
1046-vuelta,1046,21.76,21.59,1.01,
1050-ida,1050,24.88,24.71,1.01,
1051-ida,1051,24.69,24.53,1.01,
1052-ida,1052,33.93,34.3,0.99,
1054-ida,1054,39.8,39.51,1.01,
1054-vuelta,1054,39.93,39.51,1.01,
1059-ida,1059,38.08,37.74,1.01,
1063-vuelta,1063,38.15,37.9,1.01,
1065-ida,1065,40.43,40.04,1.01,
1065-vuelta,1065,40.64,40.04,1.01,
1066-ida,1066,33.67,33.5,1.01,
1066-vuelta,1066,33.91,34.17,0.99,
1067-ida,1067,20.24,20.38,0.99,
1068-vuelta,1068,33.39,33.58,0.99,
1069-vuelta,1069,48.15,47.7,1.01,
1072-ida,1072,17.49,17.65,0.99,
1073-ida,1073,26.06,25.73,1.01,
1073-vuelta,1073,26.03,25.73,1.01,
1074-vuelta,1074,22.55,22.42,1.01,
1076-ida,1076,29.29,29.56,0.99,
1076-vuelta,1076,27.74,27.92,0.99,
1077-ida,1077,28.13,27.89,1.01,
1078-ida,1078,17.92,17.79,1.01,
1079-ida,1079,19.07,18.94,1.01,
1080-vuelta,1080,27.36,27.57,0.99,
1081-ida,1081,30.14,29.76,1.01,
1082-ida,1082,20.89,20.76,1.01,
1082-vuelta,1082,21.02,20.76,1.01,
1083-ida,1083,32.88,32.59,1.01,
1086-vuelta,1086,16.93,17.12,0.99,
1087-ida,1087,23.05,22.92,1.01,
1088-ida,1088,31.54,31.93,0.99,
1089-ida,1089,22.65,22.5,1.01,
1089-vuelta,1089,22.16,22.45,0.99,
1091-ida,1091,19.22,19.36,0.99,
1093-ida,1093,13.36,13.27,1.01,
1094-ida,1094,15.12,15.23,0.99,
1108-vuelta,1108,26.66,27.0,0.99,
1109-ida,1109,19.09,18.96,1.01,
1109-vuelta,1109,18.83,18.96,0.99,
1112-ida,1112,29.11,28.95,1.01,
1115-vuelta,1115,34.87,34.7,1.01,
1118-ida,1118,16.18,16.33,0.99,
1118-vuelta,1118,16.41,16.33,1.01,
1119-ida,1119,18.01,18.13,0.99,
1120-vuelta,1120,54.68,55.09,0.99,
1121-ida,1121,19.63,19.5,1.01,
1121-vuelta,1121,19.68,19.5,1.01,
1123-ida,1123,27.07,27.22,0.99,
1124-vuelta,1124,18.47,18.69,0.99,
1125-vuelta,1125,18.84,18.7,1.01,
1128-ida,1128,28.68,28.29,1.01,
1129-vuelta,1129,31.58,31.35,1.01,
1130-vuelta,1130,11.77,11.61,1.01,
1131-ida,1131,35.86,36.07,0.99,
1132-vuelta,1132,10.17,10.07,1.01,
1134-ida,1134,25.68,25.37,1.01,
1134-vuelta,1134,25.58,25.37,1.01,
1140-ida,1140,15.49,15.59,0.99,
1140-vuelta,1140,15.51,15.59,0.99,
1142-vuelta,1142,36.72,36.91,0.99,
1147-vuelta,1147,14.8,14.97,0.99,
1148-ida,1148,14.88,15.03,0.99,
1148-vuelta,1148,14.92,15.03,0.99,
1149-ida,1149,14.88,15.03,0.99,
1152-ida,1152,32.72,32.96,0.99,
1152-vuelta,1152,31.26,31.54,0.99,
1154-vuelta,1154,31.14,31.34,0.99,
1156-vuelta,1156,13.28,13.18,1.01,
1158-ida,1158,31.03,31.38,0.99,
1158-vuelta,1158,30.6,30.43,1.01,
1160-vuelta,1160,53.21,52.93,1.01,
1162-vuelta,1162,35.59,35.25,1.01,
1163-ida,1163,52.97,52.23,1.01,
1166-ida,1166,24.44,24.31,1.01,
1167-vuelta,1167,27.82,28.17,0.99,
1169-vuelta,1169,31.98,31.69,1.01,
1170-vuelta,1170,13.71,13.6,1.01,
1172-ida,1172,21.56,21.74,0.99,
1173-vuelta,1173,46.05,45.63,1.01,
1178-ida,1178,47.29,46.65,1.01,
1181-vuelta,1181,46.92,47.31,0.99,
1182-vuelta,1182,51.14,51.53,0.99,
1184-ida,1184,77.86,77.23,1.01,
1184-vuelta,1184,78.0,77.23,1.01,
1185-ida,1185,51.57,51.28,1.01,
1185-vuelta,1185,51.62,51.28,1.01,
1193-ida,1193,16.48,16.59,0.99,
1193-vuelta,1193,15.11,15.3,0.99,
1195-ida,1195,35.77,36.07,0.99,
1196-ida,1196,29.8,29.57,1.01,
1199-ida,1199,44.78,45.25,0.99,
1203-vuelta,1203,42.11,41.58,1.01,
1204-vuelta,1204,27.9,27.54,1.01,
1205-ida,1205,25.56,25.75,0.99,
1207-vuelta,1207,34.03,33.66,1.01,
1210-vuelta,1210,48.3,48.79,0.99,
1220-vuelta,1220,18.84,19.12,0.99,
1225-ida,1225,34.78,34.96,0.99,
1225-vuelta,1225,35.44,34.96,1.01,
1227-ida,1227,46.43,46.17,1.01,
1229-vuelta,1229,15.9,15.75,1.01,
1231-ida,1231,56.19,56.82,0.99,
1232-ida,1232,40.26,39.73,1.01,
1232-vuelta,1232,39.95,39.73,1.01,
1233-ida,1233,34.89,34.4,1.01,
1233-vuelta,1233,34.83,34.4,1.01,
1235-vuelta,1235,54.78,54.16,1.01,
1240-ida,1240,77.64,76.69,1.01,
1240-vuelta,1240,77.53,76.69,1.01,
1246-vuelta,1246,46.43,46.81,0.99,
1249-ida,1249,53.03,52.35,1.01,
1254-vuelta,1254,75.86,75.27,1.01,
1256-ida,1256,29.72,29.4,1.01,
1260-vuelta,1260,62.03,61.51,1.01,
1261-vuelta,1261,48.19,47.7,1.01,
1262-vuelta,1262,67.85,67.51,1.01,
1264-ida,1264,25.72,25.52,1.01,
1264-vuelta,1264,25.12,25.27,0.99,
1265-vuelta,1265,31.93,31.72,1.01,
1268-ida,1268,33.28,33.66,0.99,
1268-vuelta,1268,33.98,34.2,0.99,
1274-ida,1274,50.92,51.57,0.99,
1274-vuelta,1274,47.28,47.71,0.99,
1275-vuelta,1275,39.13,39.45,0.99,
1277-vuelta,1277,38.07,37.76,1.01,
1279-ida,1279,40.74,40.47,1.01,
1280-ida,1280,69.23,70.03,0.99,
1280-vuelta,1280,68.65,68.24,1.01,
1285-ida,1285,36.35,36.1,1.01,
1285-vuelta,1285,35.16,34.93,1.01,
1287-ida,1287,55.31,55.95,0.99,
1287-vuelta,1287,56.75,55.95,1.01,
1289-ida,1289,14.88,14.76,1.01,
1291-vuelta,1291,56.84,56.16,1.01,
1292-vuelta,1292,51.37,50.85,1.01,
1293-vuelta,1293,67.58,67.21,1.01,
1294-vuelta,1294,36.66,36.19,1.01,
1295-ida,1295,28.84,29.07,0.99,
1295-vuelta,1295,29.6,29.4,1.01,
1296-ida,1296,36.68,37.11,0.99,
1300-ida,1300,62.92,62.17,1.01,
1301-ida,1301,39.26,38.73,1.01,
1305-ida,1305,30.31,30.51,0.99,
1307-vuelta,1307,38.16,38.38,0.99,
1309-vuelta,1309,28.85,29.08,0.99,
1310-ida,1310,39.53,40.02,0.99,
1311-ida,1311,53.97,54.5,0.99,
1311-vuelta,1311,54.03,54.5,0.99,
1313-ida,1313,29.81,30.16,0.99,
1317-vuelta,1317,42.99,43.22,0.99,
1322-vuelta,1322,40.93,40.65,1.01,
1323-ida,1323,7.82,7.86,0.99,
1327-ida,1327,21.75,21.89,0.99,
1328-vuelta,1328,16.66,16.75,0.99,
1330-vuelta,1330,16.26,16.44,0.99,
1333-ida,1333,11.58,11.52,1.01,
1335-ida,1335,35.14,34.62,1.01,
1335-vuelta,1335,34.81,34.62,1.01,
1337-vuelta,1337,35.65,35.24,1.01,
1338-vuelta,1338,41.08,41.32,0.99,
1339-ida,1339,22.04,21.93,1.01,
1340-ida,1340,22.78,22.49,1.01,
1346-ida,1346,26.88,26.62,1.01,
1347-ida,1347,20.25,20.41,0.99,
1348-ida,1348,20.23,20.11,1.01,
1350-ida,1350,14.66,14.57,1.01,
1353-vuelta,1353,22.02,22.31,0.99,
1354-vuelta,1354,28.19,27.97,1.01,
1355-vuelta,1355,18.45,18.56,0.99,
1359-ida,1359,15.42,15.29,1.01,
1361-ida,1361,20.67,20.53,1.01,
1361-vuelta,1361,21.16,20.97,1.01,
1363-ida,1363,18.03,18.25,0.99,
1363-vuelta,1363,18.42,18.25,1.01,
1369-ida,1369,23.57,23.91,0.99,
1369-vuelta,1369,24.23,23.91,1.01,
1374-vuelta,1374,24.11,24.39,0.99,
1376-ida,1376,35.12,35.3,0.99,
1376-vuelta,1376,34.94,35.3,0.99,
1378-vuelta,1378,14.45,14.37,1.01,
1385-ida,1385,13.42,13.3,1.01,
1388-ida,1388,15.83,16.02,0.99,
1399-vuelta,1399,16.33,16.42,0.99,
1400-vuelta,1400,16.33,16.25,1.01,
1406-vuelta,1406,32.61,32.18,1.01,
1413-ida,1413,16.34,16.23,1.01,
1413-vuelta,1413,16.06,16.23,0.99,
1415-ida,1415,23.17,23.42,0.99,
1423-vuelta,1423,33.34,33.15,1.01,
1425-vuelta,1425,53.59,53.15,1.01,
1445-ida,1445,33.0,32.73,1.01,
1466-vuelta,1466,33.49,33.08,1.01,
1467-ida,1467,77.65,76.81,1.01,
1469-vuelta,1469,26.78,27.03,0.99,
1470-ida,1470,39.54,40.04,0.99,
1472-vuelta,1472,50.76,50.45,1.01,
1474-ida,1474,22.94,23.14,0.99,
1474-vuelta,1474,21.98,21.68,1.01,
1476-ida,1476,44.18,43.93,1.01,
1477-vuelta,1477,32.28,31.99,1.01,
1485-ida,1485,30.35,30.74,0.99,
1488-ida,1488,63.85,63.53,1.01,
1488-vuelta,1488,64.22,63.53,1.01,
1489-vuelta,1489,32.81,32.98,0.99,
1492-ida,1492,46.8,47.22,0.99,
1492-vuelta,1492,47.78,48.21,0.99,
1006_63212-ida,1006,41.39,41.12,1.01,
1007_70834-ida,1007,36.23,36.59,0.99,
1007_70834-vuelta,1007,37.41,37.75,0.99,
1009_94404-ida,1009,30.63,30.35,1.01,
1009_94404-vuelta,1009,29.66,30.1,0.99,
1010_69317-ida,1010,24.46,24.17,1.01,
1015_70831-ida,1015,37.08,37.44,0.99,
1021_69052-ida,1021,38.88,38.67,1.01,
1026_69427-ida,1026,17.14,17.26,0.99,
1027_69507-ida,1027,28.56,28.78,0.99,
1029_70904-vuelta,1029,24.5,24.84,0.99,
1031_69745-ida,1031,21.42,21.64,0.99,
1031_69745-vuelta,1031,21.38,21.64,0.99,
1035_70969-ida,1035,11.08,10.97,1.01,
1043_70965-ida,1043,48.81,48.53,1.01,
1044_69395-ida,1044,19.89,19.78,1.01,
1046_69741-vuelta,1046,21.76,21.59,1.01,
1050_69744-ida,1050,24.88,24.71,1.01,
1054_50689-ida,1054,39.8,39.51,1.01,
1054_50689-vuelta,1054,39.93,39.51,1.01,
1059_86267-ida,1059,38.08,37.74,1.01,
1064_70170-vuelta,1064,39.28,39.63,0.99,
1065_71070-ida,1065,40.46,40.04,1.01,
1065_71070-vuelta,1065,40.51,40.04,1.01,
1066_69645-ida,1066,33.84,34.17,0.99,
1066_69645-vuelta,1066,33.93,34.17,0.99,
1067_71116-ida,1067,20.55,20.38,1.01,
1068_69491-ida,1068,35.61,35.1,1.01,
1069_69643-vuelta,1069,48.17,47.7,1.01,
1071_71114-ida,1071,37.01,37.35,0.99,
1071_71114-vuelta,1071,34.86,34.36,1.01,
1072_71278-ida,1072,17.52,17.65,0.99,
1073_54745-ida,1073,25.98,25.73,1.01,
1073_54745-vuelta,1073,25.87,25.73,1.01,
1076_70486-ida,1076,29.39,29.56,0.99,
1077_70488-vuelta,1077,28.13,27.89,1.01,
1080_70490-vuelta,1080,27.43,27.57,0.99,
1082_71276-ida,1082,20.89,20.76,1.01,
1082_71276-vuelta,1082,21.02,20.76,1.01,
1083_89553-ida,1083,32.89,32.59,1.01,
1084_71247-ida,1084,39.05,38.55,1.01,
1084_71247-vuelta,1084,38.95,38.55,1.01,
1087_45222-ida,1087,23.05,22.92,1.01,
1088_71367-ida,1088,31.53,31.93,0.99,
1095_99392-ida,1095,20.8,20.54,1.01,
1095_99392-vuelta,1095,20.76,20.54,1.01,
1107_71393-vuelta,1107,31.09,30.82,1.01,
1108_69852-vuelta,1108,26.64,27.0,0.99,
1112_69054-ida,1112,29.1,28.95,1.01,
1113_69742-vuelta,1113,19.01,18.78,1.01,
1119_71480-ida,1119,18.01,18.13,0.99,
1120_69496-vuelta,1120,54.47,55.09,0.99,
1124_71476-vuelta,1124,19.29,19.18,1.01,
1125_71474-vuelta,1125,18.85,18.7,1.01,
1131_68809-ida,1131,35.7,36.07,0.99,
1131_68809-vuelta,1131,36.59,36.28,1.01,
1132_151463-vuelta,1132,10.17,10.07,1.01,
1181_69326-ida,1181,46.67,46.17,1.01,
1181_69326-vuelta,1181,46.74,47.31,0.99,
1182_69749-ida,1182,51.89,51.53,1.01,
1182_69749-vuelta,1182,51.1,50.71,1.01,
1184_55300-vuelta,1184,77.64,77.23,1.01,
1185_41969-vuelta,1185,51.62,51.28,1.01,
1187_70649-ida,1187,27.37,27.19,1.01,
1190_53980-ida,1190,30.06,30.38,0.99,
1191_69418-vuelta,1191,34.26,33.86,1.01,
1196_69422-ida,1196,29.8,29.57,1.01,
1199_69053-ida,1199,44.67,45.25,0.99,
1203_74197-vuelta,1203,42.11,41.58,1.01,
1204_70646-ida,1204,26.49,26.26,1.01,
1205_84878-ida,1205,25.56,25.75,0.99,
1214_84563-vuelta,1214,44.14,43.81,1.01,
1219_69790-vuelta,1219,33.61,33.38,1.01,
1226_69392-ida,1226,39.73,39.49,1.01,
1226_69392-vuelta,1226,38.05,38.56,0.99,
1231_68846-ida,1231,56.2,56.82,0.99,
1233_69494-vuelta,1233,34.83,34.4,1.01,
1240_42829-ida,1240,77.29,76.69,1.01,
1240_42829-vuelta,1240,77.53,76.69,1.01,
1246_69556-vuelta,1246,46.49,46.81,0.99,
1249_69323-ida,1249,52.68,52.35,1.01,
1250_71395-vuelta,1250,26.65,26.85,0.99,
1260_44955-vuelta,1260,62.03,61.51,1.01,
1261_69419-vuelta,1261,48.23,47.7,1.01,
1262_45224-vuelta,1262,67.85,67.51,1.01,
1304_84959-vuelta,1304,44.36,43.93,1.01,
1327_55063-ida,1327,21.61,21.89,0.99,
1328_62791-vuelta,1328,16.88,16.75,1.01,
1335_57854-vuelta,1335,34.96,34.62,1.01,
1340_70822-ida,1340,23.49,23.67,0.99,
1340_70822-vuelta,1340,22.69,22.49,1.01,
1350_54433-vuelta,1350,14.47,14.57,0.99,
1352_70179-ida,1352,16.19,16.32,0.99,
1354_70489-ida,1354,28.2,27.97,1.01,
1355_71069-vuelta,1355,18.45,18.56,0.99,
1359_71068-ida,1359,14.68,14.47,1.01,
1360_69002-vuelta,1360,44.57,45.03,0.99,
1361_70176-ida,1361,20.72,20.53,1.01,
1362_90485-ida,1362,18.46,18.69,0.99,
1374_94873-vuelta,1374,24.12,24.39,0.99,
1376_68918-vuelta,1376,35.0,35.3,0.99,
1406_85017-vuelta,1406,32.5,32.18,1.01,
1413_71633-ida,1413,16.34,16.23,1.01,
1413_71633-vuelta,1413,16.06,16.23,0.99,
1470_70967-vuelta,1470,39.53,40.04,0.99,
1472_68847-vuelta,1472,50.76,50.45,1.01,
1474_151577-ida,1474,22.94,23.14,0.99,
1474_151577-vuelta,1474,21.98,21.68,1.01,
1492_53089-ida,1492,46.8,47.22,0.99,
1492_53089-vuelta,1492,47.78,48.21,0.99,
1002-ida,1002,17.61,17.64,1.0,
1002-vuelta,1002,17.69,17.68,1.0,
1004-vuelta,1004,19.94,20.02,1.0,
1007-ida,1007,36.43,36.59,1.0,
1008-ida,1008,37.23,37.39,1.0,
1008-vuelta,1008,36.76,36.73,1.0,
1010-ida,1010,24.24,24.17,1.0,
1012-ida,1012,32.34,32.37,1.0,
1012-vuelta,1012,30.82,30.7,1.0,
1013-ida,1013,33.4,33.54,1.0,
1013-vuelta,1013,32.74,32.63,1.0,
1015-vuelta,1015,36.0,36.11,1.0,
1016-ida,1016,45.43,45.27,1.0,
1016-vuelta,1016,45.46,45.27,1.0,
1017-ida,1017,47.07,46.88,1.0,
1019-ida,1019,36.52,36.65,1.0,
1019-vuelta,1019,35.94,35.84,1.0,
1020-ida,1020,31.16,31.26,1.0,
1020-vuelta,1020,31.94,31.79,1.0,
1026-vuelta,1026,17.37,17.36,1.0,
1027-ida,1027,28.78,28.78,1.0,
1029-vuelta,1029,24.16,24.12,1.0,
1030-ida,1030,48.5,48.36,1.0,
1030-vuelta,1030,49.29,49.18,1.0,
1033-ida,1033,20.26,20.31,1.0,
1033-vuelta,1033,20.84,20.85,1.0,
1035-ida,1035,10.94,10.97,1.0,
1035-vuelta,1035,8.8,8.84,1.0,
1037-ida,1037,24.96,24.96,1.0,
1038-ida,1038,28.68,28.69,1.0,
1038-vuelta,1038,27.76,27.68,1.0,
1039-vuelta,1039,18.74,18.67,1.0,
1040-ida,1040,17.91,17.93,1.0,
1043-vuelta,1043,48.71,48.53,1.0,
1046-ida,1046,21.31,21.39,1.0,
1048-vuelta,1048,22.05,22.01,1.0,
1050-vuelta,1050,24.65,24.71,1.0,
1051-vuelta,1051,24.25,24.22,1.0,
1052-vuelta,1052,34.42,34.39,1.0,
1059-vuelta,1059,38.31,38.49,1.0,
1060-ida,1060,34.83,34.85,1.0,
1060-vuelta,1060,34.81,34.85,1.0,
1061-ida,1061,45.05,45.03,1.0,
1063-ida,1063,37.77,37.76,1.0,
1064-ida,1064,39.67,39.63,1.0,
1064-vuelta,1064,40.79,40.78,1.0,
1067-vuelta,1067,20.83,20.81,1.0,
1070-ida,1070,17.25,17.21,1.0,
1070-vuelta,1070,17.34,17.34,1.0,
1071-ida,1071,37.22,37.35,1.0,
1072-vuelta,1072,17.63,17.65,1.0,
1074-ida,1074,22.36,22.35,1.0,
1075-vuelta,1075,27.48,27.53,1.0,
1077-vuelta,1077,27.69,27.61,1.0,
1079-vuelta,1079,19.4,19.4,1.0,
1080-ida,1080,27.44,27.57,1.0,
1083-vuelta,1083,30.66,30.54,1.0,
1084-ida,1084,38.34,38.19,1.0,
1084-vuelta,1084,38.27,38.19,1.0,
1092-ida,1092,19.86,19.8,1.0,
1092-vuelta,1092,19.67,19.63,1.0,
1093-vuelta,1093,13.26,13.27,1.0,
1095-ida,1095,20.62,20.54,1.0,
1095-vuelta,1095,20.28,20.28,1.0,
1099-ida,1099,21.21,21.11,1.0,
1100-ida,1100,51.14,51.35,1.0,
1100-vuelta,1100,52.58,52.75,1.0,
1108-ida,1108,27.09,27.0,1.0,
1112-vuelta,1112,29.4,29.36,1.0,
1113-vuelta,1113,19.44,19.43,1.0,
1114-ida,1114,20.49,20.41,1.0,
1115-ida,1115,35.23,35.18,1.0,
1119-vuelta,1119,20.04,20.01,1.0,
1123-vuelta,1123,27.17,27.22,1.0,
1124-ida,1124,19.25,19.18,1.0,
1125-ida,1125,19.48,19.57,1.0,
1126-ida,1126,31.69,31.66,1.0,
1126-vuelta,1126,31.7,31.66,1.0,
1128-vuelta,1128,28.43,28.29,1.0,
1129-ida,1129,31.27,31.35,1.0,
1130-ida,1130,11.6,11.61,1.0,
1131-vuelta,1131,36.21,36.28,1.0,
1137-ida,1137,31.7,31.8,1.0,
1139-ida,1139,26.8,26.87,1.0,
1139-vuelta,1139,26.89,26.87,1.0,
1141-ida,1141,26.77,26.78,1.0,
1141-vuelta,1141,26.71,26.78,1.0,
1142-ida,1142,36.74,36.91,1.0,
1144-vuelta,1144,13.27,13.25,1.0,
1154-ida,1154,31.32,31.34,1.0,
1155-ida,1155,15.49,15.56,1.0,
1155-vuelta,1155,15.55,15.56,1.0,
1160-ida,1160,52.72,52.93,1.0,
1163-vuelta,1163,52.14,52.23,1.0,
1165-ida,1165,32.11,32.05,1.0,
1165-vuelta,1165,32.37,32.33,1.0,
1166-vuelta,1166,24.41,24.31,1.0,
1169-ida,1169,32.55,32.55,1.0,
1170-ida,1170,13.86,13.92,1.0,
1171-vuelta,1171,35.18,35.2,1.0,
1173-ida,1173,45.75,45.63,1.0,
1174-ida,1174,10.85,10.86,1.0,
1176-ida,1176,34.28,34.15,1.0,
1177-ida,1177,45.92,45.8,1.0,
1177-vuelta,1177,45.38,45.39,1.0,
1178-vuelta,1178,46.47,46.65,1.0,
1179-ida,1179,56.64,56.54,1.0,
1179-vuelta,1179,57.01,56.98,1.0,
1180-ida,1180,50.54,50.65,1.0,
1180-vuelta,1180,51.38,51.16,1.0,
1181-ida,1181,46.13,46.17,1.0,
1189-ida,1189,37.45,37.62,1.0,
1189-vuelta,1189,35.39,35.35,1.0,
1190-ida,1190,30.33,30.38,1.0,
1190-vuelta,1190,29.31,29.27,1.0,
1195-vuelta,1195,36.27,36.16,1.0,
1196-vuelta,1196,29.3,29.25,1.0,
1199-vuelta,1199,45.33,45.25,1.0,
1200-vuelta,1200,16.14,16.11,1.0,
1204-ida,1204,26.17,26.26,1.0,
1205-vuelta,1205,25.13,25.19,1.0,
1207-ida,1207,33.63,33.66,1.0,
1214-ida,1214,43.13,43.02,1.0,
1219-ida,1219,33.21,33.27,1.0,
1219-vuelta,1219,33.47,33.38,1.0,
1220-ida,1220,18.17,18.12,1.0,
1223-ida,1223,34.77,34.92,1.0,
1223-vuelta,1223,32.49,32.45,1.0,
1226-ida,1226,39.62,39.49,1.0,
1227-vuelta,1227,46.27,46.17,1.0,
1228-ida,1228,41.12,41.25,1.0,
1235-ida,1235,53.96,54.16,1.0,
1237-ida,1237,56.41,56.61,1.0,
1237-vuelta,1237,56.72,56.61,1.0,
1238-ida,1238,69.1,68.91,1.0,
1238-vuelta,1238,68.86,68.91,1.0,
1239-ida,1239,65.01,65.29,1.0,
1241-ida,1241,74.46,74.47,1.0,
1241-vuelta,1241,74.82,74.47,1.0,
1245-vuelta,1245,29.59,29.69,1.0,
1246-ida,1246,46.04,45.92,1.0,
1249-vuelta,1249,52.37,52.35,1.0,
1250-vuelta,1250,27.95,28.05,1.0,
1251-ida,1251,63.97,64.1,1.0,
1251-vuelta,1251,63.98,64.1,1.0,
1252-ida,1252,37.45,37.39,1.0,
1253-ida,1253,62.95,63.23,1.0,
1253-vuelta,1253,63.28,63.23,1.0,
1254-ida,1254,74.93,75.27,1.0,
1257-ida,1257,27.84,27.92,1.0,
1257-vuelta,1257,27.96,27.92,1.0,
1260-ida,1260,61.54,61.51,1.0,
1261-ida,1261,47.4,47.53,1.0,
1262-ida,1262,66.78,66.82,1.0,
1263-ida,1263,31.99,32.13,1.0,
1263-vuelta,1263,32.21,32.23,1.0,
1266-ida,1266,43.33,43.23,1.0,
1266-vuelta,1266,43.03,42.91,1.0,
1267-ida,1267,56.72,56.69,1.0,
1267-vuelta,1267,56.24,55.98,1.0,
1269-ida,1269,37.32,37.33,1.0,
1270-ida,1270,26.19,26.09,1.0,
1270-vuelta,1270,25.64,25.58,1.0,
1271-ida,1271,35.2,35.27,1.0,
1271-vuelta,1271,34.64,34.72,1.0,
1273-vuelta,1273,26.35,26.37,1.0,
1275-ida,1275,39.44,39.45,1.0,
1276-ida,1276,30.85,30.73,1.0,
1277-ida,1277,37.51,37.42,1.0,
1278-vuelta,1278,31.88,31.88,1.0,
1279-vuelta,1279,41.19,41.27,1.0,
1281-ida,1281,39.7,39.58,1.0,
1281-vuelta,1281,39.41,39.58,1.0,
1282-ida,1282,28.7,28.71,1.0,
1282-vuelta,1282,27.86,27.97,1.0,
1284-ida,1284,42.2,42.31,1.0,
1284-vuelta,1284,42.13,41.97,1.0,
1290-ida,1290,39.55,39.64,1.0,
1290-vuelta,1290,39.99,39.93,1.0,
1294-ida,1294,35.97,36.11,1.0,
1296-vuelta,1296,36.11,36.03,1.0,
1298-ida,1298,37.56,37.44,1.0,
1298-vuelta,1298,37.2,37.2,1.0,
1300-vuelta,1300,61.73,61.9,1.0,
1301-vuelta,1301,38.29,38.46,1.0,
1303-ida,1303,57.18,57.24,1.0,
1305-vuelta,1305,30.03,30.11,1.0,
1307-ida,1307,38.66,38.61,1.0,
1309-ida,1309,29.5,29.36,1.0,
1310-vuelta,1310,39.13,38.98,1.0,
1312-ida,1312,60.47,60.76,1.0,
1312-vuelta,1312,61.08,60.95,1.0,
1313-vuelta,1313,30.02,30.16,1.0,
1317-ida,1317,43.16,43.22,1.0,
1320-ida,1320,21.44,21.52,1.0,
1320-vuelta,1320,21.54,21.52,1.0,
1322-ida,1322,40.69,40.65,1.0,
1323-vuelta,1323,7.69,7.72,1.0,
1324-ida,1324,16.05,16.05,1.0,
1324-vuelta,1324,15.76,15.74,1.0,
1327-vuelta,1327,22.46,22.35,1.0,
1329-ida,1329,18.9,18.85,1.0,
1329-vuelta,1329,19.88,19.84,1.0,
1330-ida,1330,16.53,16.61,1.0,
1336-ida,1336,31.5,31.58,1.0,
1336-vuelta,1336,30.77,30.64,1.0,
1339-vuelta,1339,21.89,21.93,1.0,
1340-vuelta,1340,23.58,23.67,1.0,
1347-vuelta,1347,20.39,20.41,1.0,
1348-vuelta,1348,19.45,19.51,1.0,
1349-ida,1349,14.49,14.52,1.0,
1349-vuelta,1349,14.88,14.91,1.0,
1350-vuelta,1350,14.6,14.57,1.0,
1357-ida,1357,25.87,25.75,1.0,
1357-vuelta,1357,25.02,25.05,1.0,
1359-vuelta,1359,14.5,14.47,1.0,
1362-vuelta,1362,18.71,18.69,1.0,
1364-vuelta,1364,18.3,18.25,1.0,
1377-vuelta,1377,9.16,9.19,1.0,
1385-vuelta,1385,13.31,13.3,1.0,
1387-vuelta,1387,14.93,14.9,1.0,
1419-ida,1419,13.17,13.2,1.0,
1423-ida,1423,33.02,33.12,1.0,
1424-vuelta,1424,25.43,25.42,1.0,
1425-ida,1425,53.33,53.15,1.0,
1426-vuelta,1426,31.78,31.69,1.0,
1446-vuelta,1446,37.38,37.29,1.0,
1463-vuelta,1463,22.85,22.94,1.0,
1464-ida,1464,39.94,40.01,1.0,
1466-ida,1466,32.41,32.55,1.0,
1467-vuelta,1467,77.16,76.81,1.0,
1468-ida,1468,59.47,59.52,1.0,
1468-vuelta,1468,59.8,59.78,1.0,
1469-ida,1469,26.91,27.03,1.0,
1470-vuelta,1470,39.89,40.04,1.0,
1471-ida,1471,49.56,49.8,1.0,
1471-vuelta,1471,49.79,49.8,1.0,
1472-ida,1472,50.12,50.16,1.0,
1475-ida,1475,27.6,27.52,1.0,
1476-vuelta,1476,43.85,43.9,1.0,
1481-ida,1481,35.36,35.38,1.0,
1481-vuelta,1481,35.36,35.38,1.0,
1482-ida,1482,44.65,44.66,1.0,
1482-vuelta,1482,44.57,44.66,1.0,
1489-ida,1489,32.99,32.98,1.0,
1490-ida,1490,46.44,46.59,1.0,
1490-vuelta,1490,46.63,46.59,1.0,
1005_63118-ida,1005,31.5,31.56,1.0,
1008_42009-ida,1008,37.23,37.39,1.0,
1008_42009-vuelta,1008,36.75,36.73,1.0,
1010_69317-vuelta,1010,25.53,25.5,1.0,
1013_50836-ida,1013,33.4,33.54,1.0,
1013_50836-vuelta,1013,32.74,32.63,1.0,
1015_70831-vuelta,1015,35.96,36.11,1.0,
1018_69396-ida,1018,39.95,39.96,1.0,
1018_69396-vuelta,1018,40.11,39.96,1.0,
1021_69052-vuelta,1021,38.69,38.67,1.0,
1026_69427-vuelta,1026,17.37,17.36,1.0,
1029_70904-ida,1029,24.72,24.84,1.0,
1030_69324-ida,1030,48.5,48.36,1.0,
1030_69324-vuelta,1030,49.17,49.18,1.0,
1033_61125-ida,1033,20.26,20.31,1.0,
1033_61125-vuelta,1033,20.88,20.85,1.0,
1034_70903-ida,1034,10.68,10.68,1.0,
1037_70968-ida,1037,24.95,24.96,1.0,
1038_70906-ida,1038,28.68,28.69,1.0,
1038_70906-vuelta,1038,27.76,27.68,1.0,
1043_70965-vuelta,1043,48.71,48.53,1.0,
1046_69741-ida,1046,21.31,21.39,1.0,
1048_71043-vuelta,1048,22.05,22.01,1.0,
1050_69744-vuelta,1050,24.65,24.71,1.0,
1052_68805-ida,1052,34.46,34.39,1.0,
1055_69402-ida,1055,34.5,34.65,1.0,
1055_69402-vuelta,1055,34.27,34.25,1.0,
1059_86267-vuelta,1059,38.51,38.49,1.0,
1060_69506-ida,1060,34.83,34.85,1.0,
1060_69506-vuelta,1060,34.81,34.85,1.0,
1061_71074-vuelta,1061,45.08,45.03,1.0,
1067_71116-vuelta,1067,20.83,20.81,1.0,
1070_71113-ida,1070,17.25,17.21,1.0,
1070_71113-vuelta,1070,17.34,17.34,1.0,
1072_71278-vuelta,1072,17.63,17.65,1.0,
1075_70178-vuelta,1075,27.51,27.53,1.0,
1076_70486-vuelta,1076,27.82,27.92,1.0,
1079_71279-ida,1079,19.41,19.4,1.0,
1079_71279-vuelta,1079,19.47,19.4,1.0,
1080_70490-ida,1080,27.62,27.57,1.0,
1083_89553-vuelta,1083,30.66,30.54,1.0,
1086_71244-vuelta,1086,17.18,17.12,1.0,
1097_69642-ida,1097,49.39,49.48,1.0,
1097_69642-vuelta,1097,50.88,50.7,1.0,
1100_44956-ida,1100,51.11,51.35,1.0,
1100_44956-vuelta,1100,52.57,52.75,1.0,
1107_71393-ida,1107,30.87,30.82,1.0,
1108_69852-ida,1108,27.08,27.0,1.0,
1112_69054-vuelta,1112,29.41,29.36,1.0,
1114_70042-ida,1114,20.49,20.41,1.0,
1115_71675-ida,1115,35.18,35.18,1.0,
1115_71675-vuelta,1115,35.33,35.18,1.0,
1118_70169-ida,1118,16.26,16.33,1.0,
1118_70169-vuelta,1118,16.61,16.68,1.0,
1120_69496-ida,1120,55.12,55.09,1.0,
1123_45223-ida,1123,27.19,27.22,1.0,
1123_45223-vuelta,1123,27.17,27.22,1.0,
1124_71476-ida,1124,19.26,19.18,1.0,
1125_71474-ida,1125,19.5,19.57,1.0,
1126_71637-ida,1126,31.36,31.39,1.0,
1126_71637-vuelta,1126,31.48,31.39,1.0,
1176_63213-ida,1176,34.2,34.15,1.0,
1177_68997-ida,1177,45.92,45.8,1.0,
1177_68997-vuelta,1177,45.43,45.39,1.0,
1178_94758-vuelta,1178,46.66,46.65,1.0,
1179_46521-ida,1179,56.64,56.54,1.0,
1179_46521-vuelta,1179,57.01,56.98,1.0,
1180_44957-ida,1180,50.54,50.65,1.0,
1180_44957-vuelta,1180,51.38,51.16,1.0,
1184_55300-ida,1184,77.51,77.23,1.0,
1189_70648-ida,1189,37.45,37.62,1.0,
1189_70648-vuelta,1189,35.39,35.35,1.0,
1190_53980-vuelta,1190,29.21,29.27,1.0,
1196_69422-vuelta,1196,29.3,29.25,1.0,
1199_69053-vuelta,1199,45.32,45.25,1.0,
1204_70646-vuelta,1204,27.65,27.54,1.0,
1205_84878-vuelta,1205,25.13,25.19,1.0,
1214_84563-ida,1214,43.74,43.81,1.0,
1219_69790-ida,1219,33.37,33.38,1.0,
1228_153599-ida,1228,41.23,41.25,1.0,
1229_69747-ida,1229,17.2,17.23,1.0,
1229_69747-vuelta,1229,15.81,15.75,1.0,
1235_45214-ida,1235,53.49,53.45,1.0,
1235_45214-vuelta,1235,54.34,54.16,1.0,
1238_69319-ida,1238,68.8,68.91,1.0,
1238_69319-vuelta,1238,68.56,68.31,1.0,
1239_42010-ida,1239,65.01,65.29,1.0,
1239_42010-vuelta,1239,66.33,66.08,1.0,
1245_53722-vuelta,1245,29.59,29.69,1.0,
1246_69556-ida,1246,46.13,45.92,1.0,
1247_69430-ida,1247,56.64,56.49,1.0,
1247_69430-vuelta,1247,56.85,57.01,1.0,
1249_69323-vuelta,1249,52.35,52.35,1.0,
1251_69149-ida,1251,63.97,64.1,1.0,
1251_69149-vuelta,1251,63.95,64.1,1.0,
1252_69561-ida,1252,37.49,37.39,1.0,
1253_43996-ida,1253,63.67,63.97,1.0,
1253_43996-vuelta,1253,63.99,63.97,1.0,
1254_44810-ida,1254,74.93,75.27,1.0,
1254_44810-vuelta,1254,74.18,74.5,1.0,
1257_69856-ida,1257,27.84,27.92,1.0,
1257_69856-vuelta,1257,27.95,27.92,1.0,
1260_44955-ida,1260,61.54,61.51,1.0,
1261_69419-ida,1261,47.84,47.7,1.0,
1262_45224-ida,1262,66.78,66.82,1.0,
1327_55063-vuelta,1327,21.95,21.89,1.0,
1328_62791-ida,1328,16.41,16.42,1.0,
1349_71071-ida,1349,14.86,14.91,1.0,
1349_71071-vuelta,1349,14.54,14.52,1.0,
1350_54433-ida,1350,14.56,14.57,1.0,
1352_70179-vuelta,1352,16.66,16.62,1.0,
1355_71069-ida,1355,18.72,18.74,1.0,
1360_69002-ida,1360,44.82,45.03,1.0,
1361_70176-vuelta,1361,20.48,20.53,1.0,
1362_90485-vuelta,1362,18.73,18.69,1.0,
1376_68918-ida,1376,35.18,35.3,1.0,
1406_85017-ida,1406,32.24,32.18,1.0,
1462_54364-ida,1462,72.44,72.49,1.0,
1465_68803-ida,1465,43.01,42.95,1.0,
1465_68803-vuelta,1465,42.99,42.95,1.0,
1470_70967-ida,1470,39.84,40.04,1.0,
1471_44807-ida,1471,49.56,49.8,1.0,
1471_44807-vuelta,1471,49.79,49.8,1.0,
1472_68847-ida,1472,50.12,50.16,1.0,
1475_69547-ida,1475,27.61,27.52,1.0,
1490_74604-ida,1490,46.41,46.59,1.0,
1490_74604-vuelta,1490,46.63,46.59,1.0,
